{"cameraMode":{"drawMode":0,"name":"Shaded","section":"Shading Mode"},"sceneLighting":false,"audioPlay":false,"sceneViewState":{"showFog":true,"showMaterialUpdate":false,"showSkybox":true,"showFlares":true,"showImageEffects":true,"showParticleSystems":true},"in2DMode":false,"pivot":{"x":-1.9544577598571778,"y":1.2505309581756592,"z":-0.5583057403564453},"rotation":{"x":-0.19308586418628694,"y":0.29640117287635805,"z":-0.06131885573267937,"w":-0.9333296418190002},"size":6.900022506713867,"orthographic":false}