{"cameraMode":{"drawMode":0,"name":"Shaded","section":"Shading Mode"},"sceneLighting":true,"audioPlay":false,"sceneViewState":{"showFog":true,"showMaterialUpdate":false,"showSkybox":true,"showFlares":true,"showImageEffects":true,"showParticleSystems":true},"in2DMode":false,"pivot":{"x":-3.8992905616760256,"y":-2.409316062927246,"z":1.4777131080627442},"rotation":{"x":-0.47484442591667178,"y":0.10773532837629318,"z":-0.05870216712355614,"w":-0.8714757561683655},"size":10.824674606323243,"orthographic":false}